GEO.id,GEO.id2,GEO.display-label,HD01_VD01,HD02_VD01
Id,Id2,Geography,Estimate; Median household income in the past 12 months (in 2014 Inflation-adjusted dollars),Margin of Error; Median household income in the past 12 months (in 2014 Inflation-adjusted dollars)
0400000US01,01,Alabama,43511,226
0400000US02,02,Alaska,71829,735
0400000US04,04,Arizona,49928,244
0400000US05,05,Arkansas,41264,239
0400000US06,06,California,61489,154
0400000US08,08,Colorado,59448,312
0400000US09,09,Connecticut,69899,520
0400000US10,10,Delaware,60231,601
0400000US11,11,District of Columbia,69235,1127
0400000US12,12,Florida,47212,163
0400000US13,13,Georgia,49342,215
0400000US15,15,Hawaii,68201,682
0400000US16,16,Idaho,47334,444
0400000US17,17,Illinois,57166,203
0400000US18,18,Indiana,48737,254
0400000US19,19,Iowa,52716,271
0400000US20,20,Kansas,51872,245
0400000US21,21,Kentucky,43342,237
0400000US22,22,Louisiana,44991,329
0400000US23,23,Maine,48804,481
0400000US24,24,Maryland,74149,395
0400000US25,25,Massachusetts,67846,387
0400000US26,26,Michigan,49087,192
0400000US27,27,Minnesota,60828,240
0400000US28,28,Mississippi,39464,306
0400000US29,29,Missouri,47764,234
0400000US30,30,Montana,46766,502
0400000US31,31,Nebraska,52400,334
0400000US32,32,Nevada,52205,302
0400000US33,33,New Hampshire,65986,546
0400000US34,34,New Jersey,72062,330
0400000US35,35,New Mexico,44968,419
0400000US36,36,New York,58687,207
0400000US37,37,North Carolina,46693,191
0400000US38,38,North Dakota,55579,753
0400000US39,39,Ohio,48849,162
0400000US40,40,Oklahoma,46235,201
0400000US41,41,Oregon,50521,266
0400000US42,42,Pennsylvania,53115,159
0400000US44,44,Rhode Island,56423,679
0400000US45,45,South Carolina,45033,249
0400000US46,46,South Dakota,50338,436
0400000US47,47,Tennessee,44621,206
0400000US48,48,Texas,52576,147
0400000US49,49,Utah,59846,392
0400000US50,50,Vermont,54447,555
0400000US51,51,Virginia,64792,274
0400000US53,53,Washington,60294,265
0400000US54,54,West Virginia,41576,355
0400000US55,55,Wisconsin,52738,201
0400000US56,56,Wyoming,58252,788
0400000US72,72,Puerto Rico,19686,143
